_id,category_id,title_
6568b33b818359af4469fba0,6568a19c818359af4469fb80,Birthday
6568b33b818359af4469fba3,6568a19c818359af4469fb80,Wedding Guest
6568b33b818359af4469fba2,6568a19c818359af4469fb80,Hoco
6568b33b818359af4469fba5,6568a19c818359af4469fb80,18th Birthday
6568b33b818359af4469fba9,6568a19c818359af4469fb80,Master's Degree
6568b33b818359af4469fbab,6568a19c818359af4469fb80,Father’s Day
6568b33b818359af4469fba6,6568a19c818359af4469fb80,21st Birthday
6568b33b818359af4469fbad,6568a19c818359af4469fb80,New Year's Eve
6568b33b818359af4469fbae,6568a19c818359af4469fb80,New Year's Day
6568b33b818359af4469fba8,6568a19c818359af4469fb80,Baby Shower
6568b33b818359af4469fbac,6568a19c818359af4469fb80,Mother’s Day
6568b33b818359af4469fba1,6568a19c818359af4469fb80,Graduation
6568b33b818359af4469fba4,6568a19c818359af4469fb80,Quinceañera
6568b33b818359af4469fba7,6568a19c818359af4469fb80,Pregnancy
6568b33b818359af4469fbaa,6568a19c818359af4469fb80,30th Birthday
6568b33b818359af4469fbaf,6568a19c818359af4469fb80,Pride
